2049,2049,2049,2049,2049,2049,2049,2049,2049,2049,2049,2049,2049,2049,2049,2049,2049,2049,2049,2049,2049,2049,2049,2049,2049,2049,2049,2049,2049,2049,2049,2049,2049,2049,2049,2049,2049,2049,2049,2049,2049,2049,2049,2049,2049,2049,2049,2049,2049,2049,2049,2049,2049,2049,2049,2049,2049,2049,2049,2049,2049,2049,2049,2049,2049,2049,2049,2049,2049,2049,2049,2049,2049,2049,2049,2049,2049,2049,2049,2049,2049,2049,2049,2049,2049,2049,2049,2049,2049,2049,2049,2049,2049,2049,2049,2049,2049,2049,2049,2049,2049,2049,2049,2049,2049,2049,2049,2049,2049,2049,2049,2049,2049,2049,2049,2049,2049,2049,2049,2049,2049,2049,2049,2049,2049,2049,2049,2049,2049,2049,2049,2049,2049,2049,2049,2049,2049,2049,2049,2049,2049,2049,2049,2049,2049,2049,2049,2049,2049,2049
2049,2049,2049,2049,2049,2049,2049,2049,2049,2049,2049,2049,2049,2049,2049,2049,2049,2049,2049,2049,2049,2049,2049,2049,2049,2049,2049,2049,2049,2049,2049,2049,2049,2049,2049,2049,2049,2049,2049,2049,2049,2049,2049,2049,2049,2049,2049,2049,2049,2049,2049,2049,2049,2049,2049,2049,2049,2049,2049,2049,2049,2049,2049,2049,2049,2049,2049,2049,2049,2049,2049,2049,2049,2049,2049,2049,2049,2049,2049,2049,2049,2049,2049,2049,2049,2049,2049,2049,2049,2049,2049,2049,2049,2049,2049,2049,2049,2049,2049,2049,2049,2049,2049,2049,2049,2049,2049,2049,2049,2049,2049,2049,2049,2049,2049,2049,2049,2049,2049,2049,2049,2049,2049,2049,2049,2049,2049,2049,2049,2049,2049,2049,2049,2049,2049,2049,2049,2049,2049,2049,2049,2049,2049,2049,2049,2049,2049,2049,2049,2049
2049,2049,2049,2049,2049,2049,2049,2049,2049,255,255,255,255,255,255,2049,2049,255,255,255,255,255,255,255,255,255,255,255,255,255,255,255,255,255,255,255,255,255,255,255,255,255,255,255,255,255,255,2049,2049,2049,2049,2049,2049,2049,255,255,255,255,255,255,255,255,255,255,255,255,255,255,255,255,255,255,2049,2049,255,255,255,255,255,255,255,255,255,255,255,255,255,255,255,255,255,255,255,255,255,2049,2049,2049,2049,2049,2049,2049,2049,2049,2049,2049,255,255,255,255,255,255,255,255,255,255,255,255,255,255,255,255,255,255,255,255,255,255,255,255,255,255,255,255,255,255,255,255,255,255,255,255,255,255,255,255,255,255,2049,2049
2049,2049,2049,2049,2049,2049,2049,2049,2049,255,255,255,255,255,255,2049,2049,255,255,255,255,255,255,255,255,255,255,255,255,255,255,255,255,255,255,255,255,255,255,255,255,255,255,255,255,255,255,2049,2049,2049,2049,2049,2049,2049,255,255,255,255,255,255,255,255,255,255,255,255,255,255,255,255,255,255,2049,2049,255,255,255,255,255,255,255,255,255,255,255,255,255,255,255,255,255,255,255,2049,2049,2049,2049,2049,2049,2049,2049,2049,2049,2049,2049,2049,2049,2049,255,255,255,255,255,255,255,255,255,255,255,255,255,255,255,255,255,255,255,255,255,255,255,255,255,255,255,255,255,255,255,255,255,255,255,255,255,255,255,255,2049,2049
2049,2049,2049,2049,2049,2049,2049,2049,2049,255,255,255,255,255,255,2049,2049,255,255,255,255,255,255,255,255,255,255,255,255,255,255,255,255,255,255,255,255,255,255,255,255,255,255,255,255,255,255,2049,2049,2049,2049,2049,2049,2049,255,255,255,255,255,255,255,255,255,255,255,255,255,255,255,255,255,255,2049,2049,255,255,255,255,255,255,255,255,255,255,255,255,255,255,255,255,255,255,255,2049,2049,2049,2049,2049,2049,2049,2049,2049,2049,2049,2049,2049,2049,2049,255,255,255,255,255,255,255,255,255,255,255,255,255,255,255,255,255,255,255,255,255,255,255,255,255,255,255,255,255,255,255,255,255,255,255,255,255,255,255,255,2049,2049
2049,2049,2049,2049,2049,2049,2049,2049,2049,255,255,255,255,255,255,2049,2049,255,255,255,255,255,255,255,255,255,255,255,255,255,255,255,255,255,255,255,255,255,255,255,255,255,255,255,255,255,255,2049,2049,2049,2049,2049,2049,2049,255,255,255,255,255,255,255,255,255,255,255,255,255,255,255,255,255,255,2049,2049,255,255,255,255,255,255,255,255,255,255,255,255,255,255,255,255,255,255,255,2049,2049,2049,2049,2049,2049,2049,2049,2049,2049,2049,2049,2049,2049,2049,255,255,255,255,255,255,255,255,255,255,255,255,255,255,255,255,255,255,255,255,255,255,255,255,255,255,255,255,255,255,255,255,255,255,255,255,255,255,255,255,2049,2049
2049,2049,2049,2049,2049,2049,2049,2049,2049,255,255,255,255,255,255,2049,2049,255,255,255,2049,2049,2049,2049,2049,2049,2049,2049,2049,2049,2049,2049,2049,2049,2049,2049,2049,2049,2049,2049,2049,2049,2049,2049,255,255,255,2049,2049,2049,2049,2049,2049,2049,255,255,255,255,255,255,255,255,255,255,255,255,255,255,255,255,255,255,2049,2049,255,255,255,255,255,255,255,255,255,255,255,255,255,255,255,255,255,255,255,2049,2049,2049,2049,2049,2049,2049,2049,2049,2049,2049,2049,2049,2049,2049,255,255,255,255,255,255,255,255,255,255,255,255,255,255,255,255,255,255,255,255,255,255,255,255,255,255,255,255,255,255,255,255,255,255,255,255,255,255,255,255,2049,2049
2049,2049,2049,2049,2049,2049,2049,2049,2049,255,255,255,255,255,255,2049,2049,255,255,255,2049,2049,2049,2049,2049,2049,2049,2049,2049,2049,2049,2049,2049,2049,2049,2049,2049,2049,2049,2049,2049,2049,2049,2049,255,255,255,2049,2049,2049,2049,2049,2049,2049,255,255,255,255,255,255,255,255,255,255,255,255,255,255,255,255,255,255,2049,2049,255,255,255,255,255,255,255,255,255,255,255,255,255,255,255,255,255,255,255,2049,2049,2049,2049,2049,2049,2049,2049,2049,2049,2049,2049,2049,2049,2049,255,255,255,255,255,255,255,255,255,255,255,255,255,255,255,255,255,255,255,255,255,255,255,255,255,255,255,255,255,255,255,255,255,255,255,255,255,255,255,255,2049,2049
2049,2049,255,255,255,255,255,255,255,255,255,255,255,255,255,2049,2049,255,255,255,2049,2049,255,255,255,255,255,255,255,255,255,255,255,255,255,255,255,255,255,255,255,255,2049,2049,255,255,255,255,255,255,255,255,255,255,255,255,255,255,255,255,255,255,255,255,255,255,255,255,255,255,255,255,2049,2049,255,255,255,255,255,255,255,255,255,255,255,255,255,255,255,255,255,255,255,2049,2049,2049,2049,2049,2049,2049,2049,2049,2049,2049,2049,2049,2049,2049,255,255,255,255,255,255,255,255,255,255,255,255,255,255,255,255,255,255,255,255,255,255,255,255,255,255,255,255,255,255,255,255,255,255,255,255,255,255,255,255,2049,2049
2049,2049,255,255,255,255,255,255,255,255,255,255,255,255,255,2049,2049,255,255,255,2049,2049,255,255,255,255,255,255,255,255,255,255,255,255,255,255,255,255,255,255,255,255,2049,2049,255,255,255,255,255,255,255,255,255,255,255,255,255,255,255,255,255,255,255,255,255,255,255,255,255,255,255,255,2049,2049,255,255,255,255,255,255,2049,2049,2049,2049,2049,2049,255,255,255,255,255,255,255,255,2049,2049,2049,2049,2049,2049,2049,2049,2049,2049,2049,2049,2049,255,255,255,255,255,255,255,255,255,255,255,255,255,255,255,255,255,255,255,255,255,255,255,255,255,255,255,255,255,255,255,255,255,255,255,255,255,255,255,255,255,2049,2049
2049,2049,255,255,255,255,255,255,255,255,255,255,255,255,255,2049,2049,255,255,255,2049,2049,255,255,255,255,255,255,255,255,255,255,255,255,255,255,255,255,255,255,255,255,2049,2049,255,255,255,255,255,255,255,255,255,255,255,255,255,255,255,255,255,255,255,255,255,255,255,255,255,255,255,255,2049,2049,255,255,255,255,255,255,2049,2049,2049,2049,2049,2049,255,255,255,255,255,255,255,255,2049,2049,2049,2049,2049,2049,2049,2049,2049,2049,2049,2049,2049,255,255,255,255,255,255,255,255,255,255,255,255,255,255,255,255,255,255,255,255,255,255,255,255,255,255,255,255,255,255,255,255,255,255,255,255,255,255,255,255,255,2049,2049
2049,2049,255,255,255,255,255,255,255,255,255,255,255,255,255,2049,2049,255,255,255,2049,2049,255,255,255,2049,2049,2049,2049,2049,2049,2049,2049,2049,2049,2049,2049,255,255,255,255,255,2049,2049,255,255,255,255,255,255,255,255,255,255,255,255,255,255,255,255,255,255,255,255,255,255,255,255,255,255,255,255,2049,2049,255,255,255,255,255,255,255,255,255,255,2049,2049,255,255,255,255,255,255,255,255,2049,2049,2049,2049,2049,2049,2049,2049,2049,2049,2049,2049,2049,255,255,255,255,255,255,255,255,255,255,255,255,255,255,255,255,255,255,255,255,255,255,255,255,255,255,255,255,255,255,255,255,255,255,255,255,255,255,255,255,255,2049,2049
2049,2049,255,255,255,255,255,255,255,255,255,255,255,255,255,2049,2049,255,255,255,2049,2049,255,255,255,2049,2049,2049,2049,2049,2049,2049,2049,2049,2049,2049,2049,255,255,255,255,255,2049,2049,255,255,255,255,255,255,255,255,255,255,255,255,255,255,255,255,255,255,255,255,255,255,255,255,255,255,255,255,2049,2049,255,255,255,255,255,255,255,255,255,255,2049,2049,255,255,255,255,255,255,255,255,255,255,2049,2049,2049,2049,2049,2049,2049,2049,2049,255,255,255,255,255,255,255,255,255,255,255,255,255,255,255,255,255,255,255,255,255,255,255,255,255,255,255,255,255,255,255,255,255,255,255,255,255,255,255,255,255,255,255,2049,2049
2049,2049,255,255,255,255,255,255,255,255,255,255,255,255,255,2049,2049,255,255,255,2049,2049,255,255,255,2049,2049,1,1,255,255,255,255,255,255,2049,2049,255,255,255,255,255,2049,2049,255,255,255,255,255,255,255,255,255,255,255,255,255,255,255,255,255,255,255,255,255,255,255,255,255,255,255,255,2049,2049,255,255,255,255,255,255,255,255,255,255,2049,2049,255,255,255,255,255,255,255,255,255,255,255,2049,2049,2049,2049,2049,2049,2049,2049,255,255,255,255,255,255,255,255,255,255,255,255,255,255,255,255,255,255,255,255,255,255,255,2049,2049,255,255,255,255,255,255,255,255,255,255,255,255,255,255,255,255,255,255,2049,2049
2049,2049,255,255,255,255,255,255,255,255,255,255,255,255,255,2049,2049,255,255,255,2049,2049,255,255,255,2049,2049,1,1,255,255,255,255,255,255,2049,2049,255,255,255,255,255,2049,2049,255,255,255,255,255,255,255,255,255,255,255,255,255,255,255,255,255,255,255,255,255,255,255,255,255,255,255,255,2049,2049,255,255,255,255,255,255,255,255,255,255,2049,2049,255,255,255,255,255,255,255,255,255,255,255,255,255,255,255,255,255,255,255,255,255,255,255,255,255,255,255,255,255,255,255,255,255,255,255,255,255,255,255,255,2049,2049,2049,2049,2049,255,255,255,255,255,255,255,255,255,255,255,255,255,255,255,255,255,2049,2049
2049,2049,255,255,255,255,255,255,255,255,255,255,255,255,255,2049,2049,255,255,255,2049,2049,255,255,255,2049,2049,1,1,255,255,255,255,255,255,2049,2049,255,255,255,255,255,2049,2049,255,255,255,255,255,255,255,255,255,255,255,255,255,255,255,2049,2049,2049,2049,2049,2049,2049,2049,2049,255,255,255,255,2049,2049,255,255,255,255,255,255,255,255,255,255,2049,2049,255,255,255,255,255,255,255,255,255,255,255,255,255,255,255,255,255,255,255,255,255,255,255,255,255,255,255,255,255,255,255,255,255,255,255,255,255,2049,2049,2049,2049,2049,2049,2049,2049,2049,2049,255,255,255,255,255,255,255,255,255,255,255,255,255,255,255,2049,2049
2049,2049,255,255,255,255,255,255,255,255,255,255,255,255,255,2049,2049,255,255,255,2049,2049,255,255,255,2049,2049,2049,2049,2049,2049,2049,255,255,255,2049,2049,255,255,255,255,255,2049,2049,255,255,255,255,255,255,255,255,255,255,255,255,255,255,255,2049,2049,2049,2049,2049,2049,2049,2049,2049,255,255,255,255,2049,2049,255,255,255,255,255,255,255,255,255,255,2049,2049,255,255,255,255,255,255,255,255,255,255,255,255,255,255,255,255,255,255,255,255,255,255,255,255,255,255,255,255,255,255,255,255,255,255,255,255,2049,2049,2049,2049,2049,2049,2049,2049,2049,2049,2049,255,255,255,255,255,255,255,255,255,255,255,255,255,255,255,2049,2049
2049,2049,255,255,255,255,255,255,255,255,255,255,255,255,255,2049,2049,255,255,255,2049,2049,255,255,255,255,255,255,255,255,255,255,255,255,255,2049,2049,255,255,255,255,255,2049,2049,255,255,255,255,255,255,255,255,255,255,255,255,255,255,255,2049,2049,255,255,255,255,255,255,255,255,255,255,255,2049,2049,255,255,255,255,255,255,255,255,255,255,2049,2049,255,255,255,255,255,255,255,255,255,255,255,255,255,255,255,255,255,255,255,255,255,255,255,255,255,255,255,255,255,255,255,255,255,255,255,255,2049,2049,2049,2049,2049,2049,2049,2049,2049,2049,2049,255,255,255,255,255,255,255,255,255,255,255,255,255,255,255,2049,2049
2049,2049,255,255,255,255,255,255,255,255,255,255,255,255,255,2049,2049,255,255,255,2049,2049,255,255,255,255,255,255,255,255,255,255,255,255,255,2049,2049,255,255,255,255,255,2049,2049,255,255,255,255,255,255,255,255,255,255,255,255,255,255,255,2049,2049,255,255,255,255,255,255,255,255,255,255,255,2049,2049,255,255,255,255,255,255,255,255,255,255,2049,2049,255,255,255,255,255,255,255,255,255,255,255,255,255,255,255,255,255,255,255,255,255,255,255,255,255,255,255,255,255,255,255,255,255,255,255,2049,2049,2049,2049,2049,2049,2049,2049,2049,2049,2049,2049,2049,255,255,255,255,255,255,255,255,255,255,255,255,255,255,2049,2049
2049,2049,255,255,255,255,255,255,255,255,255,255,255,255,255,2049,2049,255,255,255,2049,2049,255,255,255,255,255,255,255,255,255,255,255,255,255,2049,2049,255,255,255,255,255,2049,2049,255,255,255,255,255,255,255,255,255,255,255,255,255,255,255,2049,2049,255,255,255,255,255,255,255,255,255,255,255,2049,2049,255,255,255,255,255,255,255,255,255,255,2049,2049,255,255,255,255,255,255,255,255,255,255,255,255,255,255,255,255,255,255,255,255,255,255,255,255,255,255,255,255,255,255,255,255,255,255,255,2049,2049,2049,2049,2049,2049,2049,2049,2049,2049,2049,2049,2049,2049,255,255,255,255,255,255,255,255,255,255,255,255,255,2049,2049
2049,2049,255,255,255,255,255,255,255,255,255,255,255,255,255,2049,2049,255,255,255,2049,2049,2049,2049,2049,2049,2049,2049,2049,2049,2049,2049,2049,2049,2049,2049,2049,255,255,255,255,255,2049,2049,255,255,255,255,255,255,255,255,255,255,255,255,255,255,255,2049,2049,255,255,255,255,255,255,255,255,255,255,255,2049,2049,255,255,255,255,255,255,255,255,255,255,2049,2049,255,255,255,255,255,255,255,255,255,255,255,255,255,255,255,255,255,255,255,255,255,255,255,255,255,255,255,255,255,255,255,255,255,255,255,2049,2049,2049,2049,2049,2049,2049,2049,2049,2049,2049,2049,2049,2049,255,255,255,255,255,255,255,255,255,255,255,255,255,2049,2049
2049,2049,255,255,255,255,255,255,255,255,255,255,255,255,255,2049,2049,255,255,255,2049,2049,2049,2049,2049,2049,2049,2049,2049,2049,2049,2049,2049,2049,2049,2049,2049,255,255,255,255,255,2049,2049,255,255,255,255,255,255,255,255,255,255,255,255,255,255,255,2049,2049,255,255,255,255,255,255,255,255,255,255,255,2049,2049,255,255,255,255,255,255,255,255,255,255,2049,2049,255,255,255,255,255,255,255,255,255,255,255,255,255,255,255,255,255,255,255,255,255,255,255,255,255,255,255,255,255,255,255,255,255,255,255,255,2049,2049,2049,2049,2049,2049,2049,2049,2049,2049,2049,2049,2049,255,255,255,255,255,255,255,255,255,255,255,255,255,2049,2049
2049,2049,255,255,255,255,255,255,255,255,255,255,255,255,255,2049,2049,255,255,255,255,255,255,255,255,255,255,255,255,255,255,255,255,255,255,255,255,255,255,255,255,255,2049,2049,255,255,255,255,255,255,255,255,255,255,255,255,255,255,255,2049,2049,255,255,255,255,255,255,255,255,255,255,255,2049,2049,255,255,255,255,255,255,255,255,255,255,2049,2049,255,255,255,255,255,255,255,255,255,255,255,255,255,255,255,255,255,255,255,255,255,255,255,255,255,255,255,255,255,255,255,255,255,255,255,255,255,255,255,2049,2049,2049,2049,2049,2049,2049,2049,2049,255,255,255,255,255,255,255,255,255,255,255,255,255,255,2049,2049
2049,2049,255,255,255,255,255,255,255,255,255,255,255,255,255,2049,2049,255,255,255,255,255,255,255,255,255,255,255,255,255,255,255,255,255,255,255,255,255,255,255,255,255,2049,2049,255,255,255,255,255,255,255,255,255,255,255,255,255,255,255,2049,2049,255,255,255,255,255,255,255,255,255,255,255,2049,2049,255,255,255,255,255,255,255,255,255,255,2049,2049,255,255,255,255,255,255,255,255,255,255,255,255,255,255,255,255,255,255,255,255,255,255,255,255,255,255,255,255,255,255,255,255,255,255,255,255,255,255,255,255,2049,2049,2049,2049,2049,2049,255,255,255,255,255,255,255,255,255,255,255,255,255,255,255,255,2049,2049
2049,2049,255,255,255,255,255,255,255,255,255,255,255,255,255,2049,2049,255,255,255,255,255,255,255,255,255,255,255,255,255,255,255,255,255,255,255,255,255,255,255,255,255,2049,2049,255,255,255,255,255,255,255,255,255,255,255,255,255,255,255,2049,2049,255,255,255,255,255,255,255,255,255,255,255,2049,2049,255,255,255,255,255,255,255,255,255,255,2049,2049,255,255,255,255,255,255,255,255,255,255,255,255,255,255,255,255,255,255,255,255,255,255,255,255,255,255,255,255,255,255,255,255,255,255,255,255,255,255,255,255,255,255,255,255,255,255,255,255,255,255,255,255,255,255,255,255,255,255,255,255,255,255,2049,2049
2049,2049,255,255,255,255,255,255,255,255,255,255,255,255,255,2049,2049,255,255,255,255,255,255,255,255,255,255,255,255,255,255,255,255,255,255,255,255,255,255,255,255,255,2049,2049,255,255,255,255,255,255,255,255,255,255,255,255,255,255,255,2049,2049,255,255,255,255,255,255,255,255,255,255,255,2049,2049,255,255,255,255,255,255,255,255,255,255,2049,2049,255,255,255,255,255,255,255,255,255,255,255,255,255,255,255,255,255,255,255,255,255,255,255,255,255,255,255,255,255,255,255,255,255,255,255,255,255,255,255,255,255,255,255,255,255,255,255,255,255,255,255,255,255,255,255,255,255,255,255,255,255,255,2049,2049
2049,2049,255,255,255,255,255,255,255,255,255,255,255,255,255,2049,2049,2049,2049,2049,2049,2049,2049,2049,2049,2049,2049,2049,2049,2049,2049,2049,2049,2049,2049,2049,2049,2049,2049,2049,2049,2049,2049,2049,255,255,255,255,255,255,255,255,255,255,255,255,255,255,255,2049,2049,255,255,255,255,255,255,255,255,255,255,255,2049,2049,255,255,255,255,255,255,255,255,255,255,2049,2049,255,255,255,255,255,255,255,255,255,255,255,255,255,255,255,255,255,255,255,255,255,255,255,255,255,255,255,255,255,255,255,255,255,255,255,255,255,255,255,255,255,255,255,255,255,255,255,255,255,255,255,255,255,255,255,255,255,255,255,255,255,255,2049,2049
2049,2049,255,255,255,255,255,255,255,255,255,255,255,255,255,2049,2049,2049,2049,2049,2049,2049,2049,2049,2049,2049,2049,2049,2049,2049,2049,2049,2049,2049,2049,2049,2049,2049,2049,2049,2049,2049,2049,2049,255,255,255,255,255,255,255,255,255,255,255,255,255,255,255,2049,2049,255,255,255,255,255,255,255,255,255,255,255,2049,2049,255,255,255,255,255,255,255,255,255,255,2049,2049,255,255,255,255,255,255,255,255,255,255,255,255,255,255,255,255,255,255,255,255,255,255,255,255,255,255,255,255,255,255,255,255,255,255,255,255,255,255,255,255,255,255,255,255,255,255,255,255,255,255,255,255,255,255,255,255,255,255,255,255,255,255,2049,2049
2049,2049,255,255,255,255,255,255,255,255,255,255,255,255,255,255,255,255,255,255,255,255,255,255,255,255,255,255,255,255,255,255,255,255,255,255,255,255,255,255,255,255,255,255,255,255,255,255,255,255,255,255,255,255,255,255,255,255,255,2049,2049,255,255,255,255,255,255,255,255,255,255,255,2049,2049,2049,2049,2049,2049,255,255,255,255,255,255,2049,2049,255,255,255,255,255,255,255,255,255,255,255,255,255,255,255,255,255,255,255,255,255,255,255,255,255,255,255,255,255,255,255,255,255,255,255,255,255,255,255,255,255,255,255,255,255,255,255,255,255,255,255,255,255,255,255,255,255,255,255,255,255,255,2049,2049
2049,2049,255,255,255,255,255,255,255,255,255,255,255,255,255,255,255,255,255,255,255,255,255,255,255,255,255,255,255,255,255,255,255,255,255,255,255,255,255,255,255,255,255,255,255,255,255,255,255,255,255,255,255,255,255,255,255,255,255,2049,2049,255,255,255,255,255,255,255,255,255,255,255,2049,2049,2049,2049,2049,2049,255,255,255,255,255,255,2049,2049,255,255,255,255,255,255,255,255,255,255,255,255,255,255,255,255,255,255,255,255,255,255,255,255,255,255,255,255,255,255,255,255,255,255,255,255,255,255,255,255,255,255,255,255,255,255,255,255,255,255,255,255,255,255,255,255,255,255,255,255,255,255,2049,2049
2049,2049,255,255,255,255,255,255,255,255,255,255,255,255,255,255,255,255,255,255,255,255,255,255,255,255,255,255,255,255,255,255,255,255,255,255,255,255,255,255,255,255,255,255,255,255,255,255,255,255,255,255,255,255,255,255,255,255,255,2049,2049,255,255,255,255,255,255,255,255,255,255,255,255,255,255,255,255,255,255,255,255,255,255,255,2049,2049,255,255,255,255,255,255,255,255,255,255,255,255,255,255,255,255,255,255,255,255,255,255,255,255,255,255,255,255,255,255,255,255,255,255,255,255,255,255,255,255,255,255,255,255,255,255,255,255,255,255,255,255,255,255,255,255,255,255,255,255,255,255,2049,2049
2049,2049,255,255,255,255,255,255,255,255,255,255,255,255,255,255,255,255,255,255,255,255,255,255,255,255,255,255,255,255,255,255,255,255,255,255,255,255,255,255,255,255,255,255,255,255,255,255,255,255,255,255,255,255,255,255,255,255,255,2049,2049,255,255,255,255,255,255,255,255,255,255,255,255,255,255,255,255,255,255,255,255,255,255,255,2049,2049,255,255,255,255,255,255,255,255,255,255,255,255,255,255,255,255,255,255,255,255,255,255,255,255,255,255,255,255,255,255,255,255,255,255,255,255,255,255,255,255,255,255,255,255,255,255,255,255,255,255,255,255,255,255,255,255,255,255,255,255,255,255,2049,2049
2049,2049,255,255,255,255,255,255,2049,2049,2049,2049,2049,2049,2049,2049,2049,255,255,255,2049,2049,2049,2049,2049,2049,2049,2049,2049,255,255,255,2049,2049,2049,2049,2049,2049,2049,2049,2049,255,255,255,255,255,255,255,255,255,255,255,255,255,255,255,255,255,255,2049,2049,255,255,255,255,255,255,255,255,255,255,255,255,255,255,255,255,255,255,255,255,255,255,255,2049,2049,255,255,255,255,255,255,255,255,255,255,255,255,255,255,255,255,255,255,255,255,255,255,255,255,255,255,255,255,255,255,255,255,255,255,255,255,255,255,255,255,255,255,255,255,255,255,255,255,255,255,255,255,255,255,255,255,255,255,255,255,255,255,2049,2049
2049,2049,255,255,255,255,255,255,2049,2049,2049,2049,2049,2049,2049,2049,2049,255,255,255,2049,2049,2049,2049,2049,2049,2049,2049,2049,255,255,255,2049,2049,2049,2049,2049,2049,2049,2049,2049,255,255,255,255,255,255,255,255,255,2049,2049,2049,2049,2049,2049,2049,2049,2049,2049,2049,2049,2049,2049,2049,2049,2049,2049,2049,2049,2049,2049,2049,2049,2049,2049,2049,2049,2049,2049,2049,2049,2049,2049,2049,2049,2049,2049,2049,2049,2049,2049,2049,2049,2049,2049,255,255,255,255,255,255,255,255,255,255,255,255,255,255,255,255,255,255,255,255,255,255,255,255,255,255,255,255,255,255,255,255,255,255,255,255,255,255,255,255,255,255,255,255,255,255,255,255,255,255,255,255,2049,2049
2049,2049,255,255,255,255,255,255,2049,2049,2049,2049,2049,2049,2049,2049,2049,255,255,255,2049,2049,2049,2049,2049,2049,2049,2049,2049,255,255,255,2049,2049,2049,2049,2049,2049,2049,2049,2049,255,255,255,255,255,255,255,255,255,2049,2049,2049,2049,2049,2049,2049,2049,2049,2049,2049,2049,2049,2049,2049,2049,2049,2049,2049,2049,2049,2049,2049,2049,2049,2049,2049,2049,2049,2049,2049,2049,2049,2049,2049,2049,2049,2049,2049,2049,2049,2049,2049,2049,2049,2049,255,255,255,255,255,255,255,255,255,255,255,255,255,255,255,255,255,255,255,255,255,255,255,255,255,255,255,255,255,255,255,255,255,255,255,255,255,255,255,255,255,255,255,255,255,255,255,255,255,255,255,255,2049,2049
2049,2049,255,255,255,255,255,255,2049,2049,2049,2049,2049,2049,2049,2049,2049,255,255,255,2049,2049,2049,2049,2049,2049,2049,2049,2049,255,255,255,2049,2049,2049,2049,2049,2049,2049,2049,2049,255,255,255,255,255,255,255,255,255,2049,2049,255,255,255,255,255,255,255,255,255,255,255,255,255,255,255,255,255,255,255,255,255,255,255,255,255,255,255,255,255,255,255,255,255,255,255,255,255,255,255,255,255,255,2049,2049,255,255,255,255,255,255,255,255,255,255,255,255,255,255,255,255,255,255,255,255,255,255,255,255,255,255,255,255,255,255,255,255,255,255,255,255,255,255,255,255,255,255,255,255,255,255,255,255,255,255,255,255,2049,2049
2049,2049,255,255,255,255,255,255,2049,2049,2049,2049,2049,2049,2049,2049,2049,255,255,255,2049,2049,2049,2049,2049,2049,2049,2049,2049,255,255,255,2049,2049,2049,2049,2049,2049,2049,2049,2049,255,255,255,255,255,255,255,255,255,2049,2049,255,255,255,255,255,255,255,255,255,255,255,255,255,255,255,255,255,255,255,255,255,255,255,255,255,255,255,255,255,255,255,255,255,255,255,255,255,255,255,255,255,255,2049,2049,2,2,255,255,255,255,255,255,255,255,255,255,255,255,255,255,255,255,255,255,255,255,255,255,255,255,255,255,255,255,255,255,255,255,255,255,255,255,255,255,255,255,255,255,255,255,255,255,255,255,255,255,2049,2049
2049,2049,255,255,255,255,255,255,2049,2049,2049,2049,2049,2049,2049,2049,2049,255,255,255,2049,2049,2049,2049,2049,2049,2049,2049,2049,255,255,255,2049,2049,2049,2049,2049,2049,2049,2049,2049,255,255,255,255,255,255,255,255,255,2049,2049,255,255,255,255,255,255,255,255,255,255,255,255,255,255,255,255,255,255,255,255,255,255,255,255,255,255,255,255,255,255,255,255,255,255,255,255,255,255,255,255,255,255,2049,2049,2,2,255,255,255,255,255,255,255,255,255,255,255,255,255,255,255,255,255,255,255,255,255,255,255,255,255,255,255,255,255,255,255,255,255,255,255,255,255,255,255,255,255,255,255,255,255,255,255,255,255,255,2049,2049
2049,2049,255,255,255,255,255,2049,2049,2049,2049,2049,2049,2049,2049,2049,2049,255,255,2049,2049,2049,2049,2049,2049,2049,2049,2049,2049,255,255,2049,2049,2049,2049,2049,2049,2049,2049,2049,2049,255,255,255,255,255,255,255,255,255,2049,2049,255,255,255,255,255,255,255,255,255,255,255,255,255,255,255,255,255,255,255,255,255,255,255,255,255,255,255,255,255,255,255,255,255,255,255,255,255,255,255,255,255,255,2049,2049,2,2,255,255,255,255,255,255,255,255,255,255,255,255,255,255,255,255,255,255,255,255,255,255,255,255,255,255,255,255,255,255,255,255,255,255,255,255,255,255,255,255,255,255,255,255,255,255,255,255,255,255,2049,2049
2049,2049,255,255,255,255,255,255,2049,2049,2049,2049,2049,2049,2049,2049,255,255,255,255,2049,2049,2049,2049,2049,2049,2049,2049,255,255,255,255,2049,2049,2049,2049,2049,2049,2049,2049,255,255,255,255,255,255,255,255,255,255,2049,2049,255,255,255,255,255,255,255,255,255,255,255,255,255,255,255,255,255,255,255,255,255,255,255,255,255,255,255,255,255,255,255,255,255,255,255,255,255,255,255,255,255,255,2049,2049,2049,2049,2049,2049,2049,2049,2049,2049,2049,2049,2049,2049,2049,2049,2049,2049,2049,2049,2049,2049,2049,2049,2049,2049,2049,2049,2049,2049,2049,2049,2049,2049,2049,2049,2049,2049,2049,2049,2049,2049,2049,2049,2049,2049,2049,2049,2049,2049,2049,2049,2049,2049,2049,2049
2049,2049,255,255,255,255,255,255,2049,2049,2049,2049,2049,2049,2049,2049,255,255,255,255,2049,2049,2049,2049,2049,2049,2049,2049,255,255,255,255,2049,2049,2049,2049,2049,2049,2049,2049,255,255,255,255,255,255,255,255,255,255,2049,2049,255,255,255,255,255,255,255,255,255,255,255,255,255,255,255,255,255,255,255,255,255,255,255,255,255,255,255,255,255,255,255,255,255,255,255,255,255,255,255,255,255,255,2049,2049,2049,2049,2049,2049,2049,2049,2049,2049,2049,2049,2049,2049,2049,2049,2049,2049,2049,2049,2049,2049,2049,2049,2049,2049,2049,2049,2049,2049,2049,2049,2049,2049,2049,2049,2049,2049,2049,2049,2049,2049,2049,2049,2049,2049,2049,2049,2049,2049,2049,2049,2049,2049,2049,2049
2049,2049,255,255,255,255,255,255,255,255,255,255,255,255,255,255,255,255,255,255,255,255,255,255,255,255,255,255,255,255,255,255,255,255,255,255,255,255,255,255,255,255,255,255,255,255,255,255,255,255,2049,2049,255,255,255,255,255,255,255,255,255,255,255,255,255,255,255,255,255,255,255,255,255,255,255,255,255,255,255,255,255,255,255,255,255,255,255,255,255,255,255,255,255,255,2049,2049,255,255,255,255,255,255,255,255,255,255,255,255,255,255,255,255,255,255,255,255,255,255,255,255,255,255,255,255,255,255,255,255,255,255,255,255,255,255,255,255,255,255,255,255,255,255,255,255,255,255,255,255,2049,2049
2049,2049,255,255,255,255,255,255,255,255,255,255,255,255,255,255,255,255,255,255,255,255,255,255,255,255,255,255,255,255,255,255,255,255,255,255,255,255,255,255,255,255,255,255,255,255,255,255,255,255,2049,2049,255,255,255,255,255,255,255,255,255,255,255,255,255,255,255,255,255,255,255,255,255,255,255,255,255,255,255,255,255,255,255,255,255,255,255,255,255,255,255,255,255,255,2049,2049,255,255,255,255,255,255,255,255,255,255,255,255,255,255,255,255,255,255,255,255,255,255,255,255,255,255,255,255,255,255,255,255,255,255,255,255,255,255,255,255,255,255,255,255,255,255,255,255,255,255,255,255,2049,2049
2049,2049,255,255,255,255,255,255,255,255,255,255,255,255,255,255,255,255,255,255,255,255,255,255,255,255,255,255,255,255,255,255,255,255,255,255,255,255,255,255,255,255,255,255,255,255,255,255,255,255,2049,2049,255,255,255,255,255,255,255,255,255,255,255,255,255,255,255,255,255,255,255,255,255,255,255,255,255,255,255,255,255,255,255,255,255,255,255,255,255,255,255,255,255,255,2049,2049,255,255,255,255,255,255,255,255,255,255,255,255,255,255,255,255,255,255,255,255,255,255,255,255,255,255,255,255,255,255,255,255,255,255,255,255,255,255,255,255,255,255,255,255,255,255,255,255,255,255,255,255,2049,2049
2049,2049,255,255,255,255,255,255,255,255,255,255,255,255,255,255,255,255,255,255,255,255,255,255,255,255,255,255,255,255,255,255,255,255,255,255,255,255,255,255,255,255,255,255,255,255,255,255,255,255,2049,2049,255,255,255,255,255,255,255,255,255,255,255,255,255,255,255,255,255,255,255,255,255,255,255,255,255,255,255,255,255,255,255,255,255,255,255,255,255,255,255,255,255,255,2049,2049,255,255,255,255,255,255,255,2049,2049,2049,2049,2049,2049,2049,2049,2049,2049,2049,2049,2049,2049,2049,2049,2049,2049,2049,2049,2049,2049,2049,2049,2049,2049,2049,2049,2049,2049,2049,2049,2049,2049,2049,2049,2049,2049,2049,2049,2049,2049,255,255,255,2049,2049
2049,2049,255,255,255,255,255,255,255,255,255,255,255,255,255,255,255,255,255,255,255,255,255,255,255,255,255,255,255,255,255,255,255,255,255,255,255,255,255,255,255,255,255,255,255,255,255,255,255,255,2049,2049,2049,2049,2049,2049,2049,2049,2049,2049,2049,2049,2049,2049,2049,2049,2049,2049,2049,2049,2049,2049,2049,2049,2049,2049,2049,2049,2049,2049,2049,2049,2049,2049,2049,2049,2049,2049,2049,2049,2049,2049,2049,2049,2049,2049,255,255,255,255,255,255,255,2049,2049,2049,2049,2049,2049,2049,2049,2049,2049,2049,2049,2049,2049,2049,2049,2049,2049,2049,2049,2049,2049,2049,2049,2049,2049,2049,2049,2049,2049,2049,2049,2049,2049,2049,2049,2049,2049,2049,2049,2049,2049,255,255,255,2049,2049
2049,2049,255,255,255,255,255,255,255,255,255,255,255,255,255,255,255,255,255,255,255,255,255,255,255,255,255,255,255,255,255,255,255,255,255,255,255,2049,2049,2049,2049,255,255,255,255,255,255,255,255,255,2049,2049,2049,2049,2049,2049,2049,2049,2049,2049,2049,2049,2049,2049,2049,2049,2049,2049,2049,2049,2049,2049,2049,2049,2049,2049,2049,2049,2049,2049,2049,2049,2049,2049,2049,2049,2049,2049,2049,2049,2049,2049,2049,2049,2049,2049,255,255,255,255,255,255,255,2049,2049,255,255,255,255,255,255,255,255,255,255,255,255,255,255,255,255,255,255,255,255,255,255,255,255,255,255,255,255,255,255,255,255,255,255,255,255,255,255,2049,2049,255,255,255,2049,2049
2049,2049,255,255,255,255,255,255,255,255,255,255,255,255,255,255,255,255,255,255,255,255,255,255,255,255,255,255,255,255,255,255,255,255,255,255,255,2049,2049,2049,2049,255,255,255,255,255,255,255,255,255,255,255,255,255,255,255,255,255,255,255,255,255,255,255,255,255,255,255,255,255,2049,2049,2049,255,255,255,255,255,255,255,255,255,255,2049,2049,2049,255,255,255,255,255,255,255,255,255,255,255,255,255,255,255,255,255,2049,2049,255,255,255,255,255,255,255,255,255,255,255,255,255,255,255,255,255,255,255,255,255,255,255,255,255,255,255,255,255,255,255,255,255,255,255,255,255,255,2049,2049,255,255,255,2049,2049
2049,2049,255,255,255,255,255,255,255,255,255,255,255,255,2049,2049,2049,2049,2049,2049,2049,2049,2049,2049,2049,2049,2049,2049,2049,2049,2049,2049,2049,2049,255,255,255,2049,2049,2049,2049,255,255,255,255,255,255,255,255,255,255,255,255,255,255,255,255,255,255,255,255,255,255,255,255,255,255,255,255,255,2049,2049,2049,255,255,255,255,255,255,255,255,255,255,2049,2049,2049,255,255,255,255,255,255,255,255,255,255,255,255,255,255,255,255,255,2049,2049,255,255,255,255,255,255,255,255,255,255,255,255,255,255,255,255,255,255,255,255,255,255,255,255,255,255,255,255,255,255,255,255,255,255,255,255,255,255,2049,2049,255,255,255,2049,2049
2049,2049,255,255,255,255,255,255,255,255,255,255,255,255,2049,2049,2049,2049,2049,2049,2049,2049,2049,2049,2049,2049,2049,2049,2049,2049,2049,2049,2049,2049,255,255,255,255,255,255,255,2049,2049,2049,2049,255,255,255,255,255,255,255,255,255,255,255,255,255,255,255,255,255,255,255,255,255,255,255,255,255,2049,2049,2049,255,255,255,255,255,255,255,255,255,255,2049,2049,2049,255,255,255,255,255,255,255,255,255,255,255,255,255,255,255,255,255,2049,2049,255,255,255,255,255,255,255,255,255,255,255,255,255,255,255,255,255,255,255,255,255,255,255,255,255,255,255,255,255,255,255,255,255,255,255,255,255,255,2049,2049,255,255,255,2049,2049
2049,2049,255,255,255,255,255,255,255,255,255,255,255,255,2049,2049,255,255,255,255,255,255,255,255,255,255,255,255,255,255,255,255,2049,2049,255,255,255,255,255,255,255,2049,2049,2049,2049,255,255,255,255,255,255,255,255,255,2049,2049,2049,2049,2049,2049,2049,2049,2049,2049,2049,2049,2049,2049,2049,2049,2049,2049,2049,2049,2049,2049,2049,2049,2049,2049,2049,2049,2049,2049,2049,2049,2049,2049,2049,2049,255,255,255,255,255,255,255,255,255,255,255,255,255,2049,2049,2049,2049,2049,2049,2049,2049,2049,2049,2049,2049,2049,2049,2049,2049,2049,2049,2049,2049,2049,2049,2049,2049,2049,2049,2049,2049,2049,2049,2049,2049,2049,2049,2049,2049,2049,255,255,255,2049,2049,255,255,255,2049,2049
2049,2049,255,255,255,255,255,255,255,255,255,255,255,255,2049,2049,255,255,255,255,255,255,255,255,255,255,255,255,255,255,255,255,2049,2049,255,255,255,255,255,255,255,2049,2049,2049,2049,255,255,255,255,255,255,255,255,255,2049,2049,2049,2049,2049,2049,2049,2049,2049,2049,2049,2049,2049,2049,2049,2049,2049,2049,2049,2049,2049,2049,2049,2049,2049,2049,2049,2049,2049,2049,2049,2049,2049,2049,2049,2049,255,255,255,255,255,255,255,255,255,255,255,255,255,2049,2049,2049,2049,2049,2049,2049,2049,2049,2049,2049,2049,2049,2049,2049,2049,2049,2049,2049,2049,2049,2049,2049,2049,2049,2049,2049,2049,2049,2049,2049,2049,2049,2049,2049,2049,2049,255,255,255,2049,2049,255,255,255,2049,2049
2049,2049,255,255,255,255,255,255,255,255,255,255,255,255,2049,2049,255,255,255,255,255,255,255,255,255,255,255,255,255,255,255,255,2049,2049,255,255,255,255,255,255,255,255,255,255,255,2049,2049,2049,2049,255,255,255,255,255,2049,2049,255,255,255,255,255,255,255,255,255,255,255,255,255,255,255,255,255,255,255,255,255,255,255,255,255,255,2049,2049,2049,2049,2049,2049,2049,2049,255,255,255,255,255,255,255,255,255,255,255,255,255,255,255,255,255,255,255,255,255,255,255,255,255,255,255,255,255,255,255,255,255,255,255,255,255,255,255,255,255,255,255,255,255,255,255,255,255,255,255,255,255,2049,2049,255,255,255,2049,2049
2049,2049,255,255,255,255,255,255,255,255,255,255,255,255,2049,2049,255,255,255,255,255,255,255,255,255,255,255,255,255,255,255,255,2049,2049,255,255,255,255,255,255,255,255,255,255,255,2049,2049,2049,2049,255,255,255,255,255,2049,2049,255,255,255,255,255,255,255,255,255,255,255,255,255,255,255,255,255,255,255,255,255,255,255,255,255,255,2049,2049,2049,2049,2049,2049,2049,2049,255,255,255,255,255,255,255,255,255,255,255,255,255,255,255,255,255,255,255,255,255,255,255,255,255,255,255,255,255,255,255,255,255,255,255,255,255,255,255,255,255,255,255,255,255,255,255,255,255,255,255,255,255,2049,2049,255,255,255,2049,2049
2049,2049,255,255,255,255,255,255,255,255,255,255,255,255,2049,2049,255,255,255,255,255,255,255,255,255,255,255,255,255,255,255,255,2049,2049,255,255,255,255,255,255,255,255,255,255,255,2049,2049,2049,2049,255,255,255,255,255,2049,2049,255,255,255,255,255,255,255,255,255,255,255,255,255,255,255,255,255,255,255,255,255,255,255,255,255,255,2049,2049,2049,2049,2049,2049,2049,2049,255,255,255,255,255,255,255,255,255,255,255,255,255,255,255,255,255,255,255,255,255,255,255,255,255,255,255,255,255,255,255,255,255,255,255,255,255,255,255,255,255,255,255,255,255,255,255,255,255,255,255,255,255,2049,2049,255,255,255,2049,2049
2049,2049,255,255,255,255,255,255,255,255,255,255,255,255,2049,2049,255,255,255,255,255,255,255,255,255,255,255,255,255,255,255,255,2049,2049,255,255,255,255,255,255,255,2049,2049,2049,2049,255,255,255,255,255,255,255,255,255,2049,2049,255,255,255,255,255,255,255,255,255,255,255,255,255,255,255,255,255,255,255,255,255,255,255,255,255,255,2049,2049,2049,2049,2049,2049,2049,2049,255,255,255,255,255,255,255,255,255,255,255,255,255,255,255,255,255,255,255,255,255,255,255,255,255,255,255,255,255,255,255,255,255,255,255,255,255,255,255,255,255,255,255,255,255,255,255,255,255,255,255,255,255,2049,2049,255,255,255,2049,2049
2049,2049,255,255,255,255,255,255,255,255,255,255,255,255,2049,2049,255,255,255,255,255,255,255,255,255,255,255,255,255,255,255,255,2049,2049,255,255,255,255,255,255,255,2049,2049,2049,2049,255,255,255,255,255,255,255,255,255,2049,2049,255,255,255,255,2049,2049,2049,2049,2049,255,255,255,255,255,255,255,255,255,255,255,255,255,255,255,255,255,2049,2049,2049,2049,2049,2049,2049,2049,255,255,255,255,255,255,255,255,255,255,255,255,255,2049,2049,2049,2049,2049,2049,2049,2049,2049,2049,2049,2049,2049,2049,2049,2049,2049,2049,2049,2049,2049,2049,2049,2049,2049,2049,2049,2049,2049,2049,2049,2049,2049,2049,2049,2049,2049,255,255,255,2049,2049,255,255,255,2049,2049
2049,2049,255,255,255,255,255,255,255,255,255,255,255,255,2049,2049,255,255,255,255,255,255,255,255,255,255,255,255,255,255,255,255,2049,2049,255,255,255,255,255,255,255,2049,2049,2049,2049,255,255,255,255,255,255,255,255,255,2049,2049,255,255,255,255,2049,2049,2049,2049,2049,255,255,255,255,255,255,255,255,255,255,255,255,255,255,255,255,255,2049,2049,2049,2049,2049,2049,2049,2049,255,255,255,255,255,255,255,255,255,255,255,255,255,2049,2049,2049,2049,2049,2049,2049,2049,2049,2049,2049,2049,2049,2049,2049,2049,2049,2049,2049,2049,2049,2049,2049,2049,2049,2049,2049,2049,2049,2049,2049,2049,2049,2049,2049,2049,2049,255,255,255,2049,2049,255,255,255,2049,2049
2049,2049,255,255,255,255,255,255,255,255,255,255,255,255,2049,2049,255,255,255,255,255,255,255,255,255,255,255,255,255,255,255,255,2049,2049,255,255,255,2049,2049,2049,2049,255,255,255,255,255,255,255,255,255,255,255,255,255,2049,2049,255,255,255,255,2049,2049,2049,2049,2049,255,255,255,255,255,255,255,255,255,255,255,255,255,255,255,255,255,255,255,255,255,255,255,2049,2049,255,255,255,255,255,255,255,255,255,255,255,255,255,2049,2049,255,255,255,255,255,255,255,255,255,255,255,255,255,255,255,255,255,255,255,255,255,255,255,255,255,255,255,255,255,255,255,255,255,255,255,255,255,255,2049,2049,255,255,255,2049,2049
2049,2049,255,255,255,255,255,255,255,255,255,255,255,255,2049,2049,255,255,255,255,255,255,255,255,255,255,255,255,255,255,255,255,2049,2049,255,255,255,2049,2049,2049,2049,255,255,255,255,255,255,255,255,255,255,255,255,255,2049,2049,255,255,255,255,2049,2049,2049,2049,2049,255,255,255,255,255,255,255,255,255,255,255,255,255,255,255,255,255,255,255,255,255,255,255,2049,2049,255,255,255,255,255,255,255,255,255,255,255,255,255,2049,2049,255,255,255,255,255,255,255,255,255,255,255,255,255,255,255,255,255,255,255,255,255,255,255,255,255,255,255,255,255,255,255,255,255,255,255,255,255,255,2049,2049,255,255,255,2049,2049
2049,2049,255,255,255,255,255,255,255,255,255,255,255,255,2049,2049,255,255,255,255,255,255,255,255,2049,2049,2049,2049,2049,2049,2049,2049,2049,2049,255,255,255,2049,2049,2049,2049,255,255,255,255,255,255,255,255,255,255,255,255,255,2049,2049,255,255,255,255,2049,2049,2049,2049,2049,255,255,255,255,255,255,255,255,255,255,255,255,255,255,255,255,255,255,255,255,255,255,255,2049,2049,255,255,255,255,255,255,255,255,255,255,255,255,255,2049,2049,255,255,255,255,255,255,255,255,255,255,255,255,255,255,255,255,255,255,255,255,255,255,255,255,255,255,255,255,255,255,255,255,255,255,255,255,255,255,2049,2049,255,255,255,2049,2049
2049,2049,255,255,255,255,255,255,255,255,255,255,255,255,2049,2049,255,255,255,255,255,255,255,255,2049,2049,2049,2049,2049,2049,2049,2049,2049,2049,2049,2049,2049,2049,255,255,255,255,255,255,255,255,255,255,255,255,255,255,255,255,2049,2049,255,255,255,255,255,255,255,255,255,255,255,255,255,255,255,255,255,255,255,255,255,255,255,255,255,255,255,255,255,255,255,255,2049,2049,255,255,255,255,255,255,255,255,255,255,255,255,255,2049,2049,255,255,255,255,255,255,255,255,255,255,255,255,255,255,255,255,255,255,255,255,255,255,255,255,255,255,255,255,255,255,255,255,255,255,255,255,255,255,2049,2049,255,255,255,2049,2049
2049,2049,255,255,255,255,255,255,255,255,255,255,255,255,2049,2049,255,255,255,255,255,255,255,255,255,255,255,255,255,255,255,255,255,255,2049,2049,2049,2049,255,255,255,255,255,255,255,255,255,255,255,255,255,255,255,255,2049,2049,255,255,255,255,255,255,255,255,255,255,255,255,255,255,255,255,255,2049,2049,2049,2049,2049,255,255,255,255,255,255,255,255,255,255,2049,2049,255,255,255,255,255,255,255,255,255,255,255,255,255,2049,2049,2049,2049,2049,2049,2049,2049,2049,2049,2049,2049,2049,2049,2049,2049,2049,2049,2049,2049,2049,2049,2049,2049,2049,2049,2049,2049,2049,2049,2049,2049,2049,2049,2049,2049,2049,2049,2049,2049,2049,2049,255,255,255,2049,2049
2049,2049,255,255,255,255,255,255,255,255,255,255,255,255,2049,2049,255,255,255,255,255,255,255,255,255,255,255,255,255,255,255,255,255,255,2049,2049,2049,2049,255,255,255,255,255,255,255,255,255,255,255,255,255,255,255,255,2049,2049,255,255,255,255,255,255,255,255,255,255,255,255,255,255,255,255,255,2049,2049,2049,2049,2049,255,255,255,255,255,255,255,255,255,255,2049,2049,255,255,255,255,255,255,255,255,255,255,255,255,255,2049,2049,2049,2049,2049,2049,2049,2049,2049,2049,2049,2049,2049,2049,2049,2049,2049,2049,2049,2049,2049,2049,2049,2049,2049,2049,2049,2049,2049,2049,2049,2049,2049,2049,2049,2049,2049,2049,2049,2049,2049,2049,255,255,255,2049,2049
2049,2049,255,255,255,255,255,255,255,255,255,255,255,255,2049,2049,255,255,255,255,255,255,255,255,255,255,255,255,255,255,255,255,255,255,255,255,255,255,255,255,255,255,255,255,255,255,255,255,255,255,255,255,255,255,2049,2049,255,255,255,255,255,255,255,255,255,255,255,255,255,255,255,255,255,2049,2049,2049,2049,2049,255,255,255,255,255,255,255,255,255,255,2049,2049,255,255,255,255,255,255,255,255,255,255,255,255,255,255,255,255,255,255,255,255,255,255,255,255,255,255,255,255,255,255,255,255,255,255,255,255,255,255,255,255,255,255,255,255,255,255,255,255,255,255,255,255,255,255,255,255,255,255,2049,2049
2049,2049,255,255,255,255,255,255,255,255,255,255,255,255,2049,2049,2049,2049,2049,2049,2049,2049,2049,2049,2049,2049,2049,2049,2049,255,255,255,255,255,255,255,255,255,255,255,255,255,255,255,255,255,255,255,255,255,255,255,255,255,2049,2049,255,255,255,255,2049,2049,2049,255,255,255,255,255,255,255,255,255,255,2049,2049,2049,2049,2049,255,255,255,255,255,255,255,255,255,255,2049,2049,255,255,255,255,255,255,255,255,255,255,255,255,255,255,255,255,255,255,255,255,255,255,255,255,255,255,255,255,255,255,255,255,255,255,255,255,255,255,255,255,255,255,255,255,255,255,255,255,255,255,255,255,255,255,255,255,255,255,2049,2049
2049,2049,255,255,255,255,255,255,255,255,255,255,255,255,2049,2049,2049,2049,2049,2049,2049,2049,2049,2049,2049,2049,2049,2049,2049,255,255,255,255,255,255,255,255,255,255,255,255,255,255,255,255,255,255,255,255,255,255,255,255,255,2049,2049,255,255,255,255,2049,2049,2049,255,255,255,255,255,255,255,255,255,255,2049,2049,2049,2049,2049,255,255,255,255,255,255,255,255,255,255,2049,2049,255,255,255,255,255,255,255,255,255,255,255,255,255,255,255,255,255,255,255,255,255,255,255,255,255,255,255,255,255,255,255,255,255,255,255,255,255,255,255,255,255,255,255,255,255,255,255,255,255,255,255,255,255,255,255,255,255,255,2049,2049
2049,2049,255,255,255,255,255,255,255,255,255,255,255,255,255,255,255,255,255,255,255,255,255,255,255,255,255,255,255,255,255,255,255,255,255,255,255,255,255,255,255,255,255,255,255,255,255,255,255,255,255,255,255,255,2049,2049,255,255,255,255,2049,2049,2049,255,255,255,255,255,255,255,255,255,255,255,255,255,255,255,255,255,255,255,255,255,255,2049,2049,2049,2049,2049,255,255,255,255,255,255,255,255,255,255,255,255,255,255,255,255,255,255,255,255,255,255,255,255,255,255,255,255,255,255,255,255,255,255,255,255,255,255,255,255,255,255,255,255,255,255,2049,2049,2049,2049,2049,2049,255,255,255,255,255,255,2049,2049
2049,2049,255,255,255,255,255,255,255,255,255,255,255,255,255,255,255,255,255,255,255,255,255,255,255,255,255,255,255,255,255,255,255,255,255,255,2049,2049,2049,2049,2049,2049,2049,2049,2049,2049,2049,2049,2049,2049,255,255,255,255,2049,2049,255,255,255,255,255,255,255,255,255,255,255,255,255,255,255,255,255,255,255,255,255,255,255,255,255,255,255,255,255,2049,2049,2049,2049,2049,255,255,255,255,255,255,255,255,255,255,255,255,255,255,255,255,255,255,255,255,255,255,255,255,255,255,255,255,255,255,255,255,255,255,255,255,255,255,255,255,255,255,255,255,255,255,2049,2049,2049,2049,2049,2049,4,4,255,255,255,255,2049,2049
2049,2049,255,255,255,255,255,255,255,255,255,255,255,255,255,255,255,255,255,255,255,255,255,255,255,255,255,255,255,255,255,255,255,255,255,255,2049,2049,2049,2049,2049,2049,2049,2049,2049,2049,2049,2049,2049,2049,255,255,255,255,2049,2049,255,255,255,255,255,255,255,255,255,255,255,255,255,255,255,255,255,255,255,255,255,255,255,255,255,255,255,255,255,255,255,255,255,255,255,255,255,255,255,255,255,255,255,255,255,255,255,255,255,255,255,255,255,255,255,255,255,255,255,255,255,255,255,255,255,255,255,255,255,255,255,255,255,255,255,255,255,255,255,255,2049,2049,2049,2049,2049,2049,4,4,255,255,255,255,2049,2049
2049,2049,255,255,255,255,255,255,255,255,255,255,255,255,255,255,255,255,255,255,255,255,255,255,255,255,255,255,255,255,255,255,255,255,255,255,2049,2049,2049,2049,2049,2049,2049,2049,2049,2049,2049,2049,2049,2049,255,255,255,255,2049,2049,2049,2049,2049,2049,2049,2049,2049,2049,2049,2049,2049,2049,2049,2049,2049,2049,2049,2049,2049,2049,2049,2049,2049,2049,255,255,255,255,255,255,255,255,255,255,255,255,255,255,255,255,255,255,255,255,255,255,255,255,255,255,255,255,255,255,255,255,255,255,255,255,255,255,255,255,255,255,255,255,255,255,255,255,255,255,255,255,255,255,255,255,2049,2049,2049,2049,2049,2049,4,4,255,255,255,255,2049,2049
2049,2049,255,255,255,255,255,255,255,255,255,255,255,255,255,255,255,255,255,255,255,255,255,255,255,255,255,255,255,255,255,255,255,255,255,255,2049,2049,2049,2049,2049,2049,2049,2049,2049,2049,2049,2049,2049,2049,255,255,255,255,2049,2049,2049,2049,2049,2049,2049,2049,2049,2049,2049,2049,2049,2049,2049,2049,2049,2049,2049,2049,2049,2049,2049,2049,2049,2049,255,255,255,255,255,255,255,255,255,255,255,255,255,255,255,255,255,255,255,255,255,255,255,255,255,255,255,255,255,255,255,255,255,255,255,255,255,255,255,255,255,255,255,255,255,255,255,255,255,255,255,255,255,255,255,255,2049,2049,2049,2049,2049,2049,2049,2049,2049,2049,2049,2049,2049,2049
2049,2049,255,255,255,255,255,255,255,255,255,255,255,255,255,255,255,255,255,255,255,255,255,255,255,255,255,255,255,255,255,255,255,255,255,255,2049,2049,2049,2049,2049,2049,2049,2049,2049,2049,2049,2049,2049,2049,255,255,255,255,255,255,255,255,255,255,255,255,255,255,255,255,255,255,255,255,255,255,255,255,255,255,255,255,255,255,255,255,255,255,255,255,255,255,255,255,255,255,255,255,255,255,255,255,255,255,255,255,255,255,255,255,255,255,255,255,255,255,255,255,255,255,255,255,255,255,255,255,255,255,255,255,255,255,255,255,255,255,255,255,255,255,2049,2049,2049,2049,2049,2049,2049,2049,2049,2049,2049,2049,2049,2049
2049,2049,255,255,255,255,255,255,255,255,255,255,255,255,255,255,255,255,255,255,255,255,255,255,255,255,255,255,255,255,255,255,255,255,255,255,255,255,255,255,255,255,255,255,255,255,255,255,255,255,255,255,255,255,255,255,255,255,255,255,255,255,255,255,255,255,255,255,255,255,255,255,255,255,255,255,255,255,255,255,255,255,255,255,255,255,255,255,255,255,255,255,255,255,255,255,255,255,255,255,255,255,255,255,255,255,255,255,255,255,255,255,255,255,255,255,255,255,255,255,255,255,255,255,255,255,255,255,255,255,255,255,255,255,255,255,255,255,255,255,255,255,255,255,255,255,255,255,2049,2049
2049,2049,255,255,255,255,255,255,255,255,255,255,255,255,255,255,255,255,255,255,255,255,255,255,255,255,255,255,255,255,255,255,255,255,255,255,255,255,255,255,255,255,255,255,255,255,255,255,255,255,255,255,255,255,255,255,255,255,255,255,255,255,255,255,255,255,255,255,255,255,255,255,255,255,255,255,255,255,255,255,255,255,255,255,255,255,255,255,255,255,255,255,255,255,255,255,255,255,255,255,255,255,255,255,255,255,255,255,255,255,255,255,255,255,255,255,255,255,255,255,255,255,255,255,255,255,255,255,255,255,255,255,255,255,255,255,255,255,255,255,255,255,255,255,255,255,255,255,2049,2049
2049,2049,255,255,255,255,255,255,255,255,255,255,255,255,255,255,255,255,255,255,255,255,255,255,255,255,255,255,255,255,255,255,255,255,255,255,255,255,255,255,255,255,255,255,255,255,255,255,255,255,255,255,255,255,255,255,255,255,255,255,255,255,255,255,255,255,255,255,255,255,255,255,255,255,255,255,255,255,255,255,255,255,255,255,255,255,255,255,255,255,255,255,255,255,255,255,255,255,255,255,255,255,255,255,255,255,255,255,255,255,255,255,255,255,255,255,255,255,255,255,255,255,255,255,255,255,255,255,255,255,255,255,255,255,255,255,255,255,255,255,255,255,255,255,255,255,255,255,2049,2049
2049,2049,255,255,255,255,255,255,255,255,255,255,255,255,255,255,255,255,255,255,255,255,255,255,255,255,255,255,255,255,255,255,255,255,255,255,255,255,255,255,255,255,255,255,255,255,255,255,255,255,255,255,255,255,255,255,255,255,255,255,255,255,255,255,255,255,255,255,255,255,255,255,255,255,255,255,255,255,255,255,255,255,255,255,255,255,255,255,255,255,255,255,255,255,255,255,255,255,255,255,255,255,255,255,255,255,255,255,255,255,255,255,255,255,255,255,255,255,255,255,255,255,255,255,255,255,255,255,255,255,255,255,255,255,255,255,255,255,255,255,255,255,255,255,255,255,255,255,2049,2049
2049,2049,255,255,255,255,255,255,255,255,255,255,255,255,255,255,255,255,255,255,255,255,255,255,255,255,255,255,255,255,255,255,255,255,255,255,255,255,255,255,255,255,255,255,255,255,255,255,255,255,255,255,255,255,255,255,255,255,255,255,255,255,255,255,255,255,255,255,255,255,255,255,255,255,255,255,255,255,255,255,255,255,255,255,255,255,255,255,255,255,255,255,255,255,255,255,255,255,255,255,255,255,255,255,255,255,255,255,255,255,255,255,255,255,255,255,255,255,255,255,255,255,255,255,255,255,255,255,255,255,255,255,255,255,255,255,255,255,255,255,255,255,255,255,255,255,255,255,2049,2049
2049,2049,2049,2049,2049,2049,2049,2049,2049,2049,2049,2049,2049,2049,2049,2049,2049,2049,2049,2049,2049,2049,2049,2049,2049,2049,2049,2049,2049,2049,2049,2049,2049,2049,2049,2049,2049,2049,2049,2049,2049,2049,2049,2049,2049,2049,2049,2049,2049,2049,2049,2049,2049,2049,2049,2049,2049,2049,2049,2049,2049,2049,2049,2049,2049,2049,2049,2049,2049,2049,2049,2049,2049,2049,2049,2049,2049,2049,2049,2049,2049,2049,2049,2049,2049,2049,2049,2049,2049,2049,2049,2049,2049,2049,2049,2049,2049,2049,2049,2049,2049,2049,2049,2049,2049,2049,2049,2049,2049,2049,2049,2049,2049,2049,2049,2049,2049,2049,2049,2049,2049,2049,2049,2049,2049,2049,2049,2049,2049,2049,2049,2049,2049,2049,2049,2049,2049,2049,2049,2049,2049,2049,2049,2049,2049,2049,2049,2049,2049,2049
2049,2049,2049,2049,2049,2049,2049,2049,2049,2049,2049,2049,2049,2049,2049,2049,2049,2049,2049,2049,2049,2049,2049,2049,2049,2049,2049,2049,2049,2049,2049,2049,2049,2049,2049,2049,2049,2049,2049,2049,2049,2049,2049,2049,2049,2049,2049,2049,2049,2049,2049,2049,2049,2049,2049,2049,2049,2049,2049,2049,2049,2049,2049,2049,2049,2049,2049,2049,2049,2049,2049,2049,2049,2049,2049,2049,2049,2049,2049,2049,2049,2049,2049,2049,2049,2049,2049,2049,2049,2049,2049,2049,2049,2049,2049,2049,2049,2049,2049,2049,2049,2049,2049,2049,2049,2049,2049,2049,2049,2049,2049,2049,2049,2049,2049,2049,2049,2049,2049,2049,2049,2049,2049,2049,2049,2049,2049,2049,2049,2049,2049,2049,2049,2049,2049,2049,2049,2049,2049,2049,2049,2049,2049,2049,2049,2049,2049,2049,2049,2049
